{"meta": {"format": 3, "version": "7.10.0", "timestamp": "2025-07-27T03:47:20.164016", "branch_coverage": false, "show_contexts": false}, "files": {"error_handling.py": {"executed_lines": [81, 84, 90, 93, 97, 98, 106, 114, 998, 1000, 1002, 1005, 1010, 1011, 1020, 1021, 1031, 1032], "summary": {"covered_lines": 18, "num_statements": 483, "percent_covered": 3.7267080745341614, "percent_covered_display": "4", "missing_lines": 465, "excluded_lines": 0}, "missing_lines": [12, 13, 14, 15, 16, 17, 18, 19, 20, 21, 22, 26, 28, 29, 30, 31, 33, 35, 36, 37, 38, 39, 40, 42, 45, 52, 53, 55, 57, 58, 61, 62, 65, 67, 70, 72, 104, 108, 110, 112, 116, 118, 122, 134, 135, 137, 140, 147, 149, 163, 164, 167, 168, 170, 172, 173, 174, 175, 177, 179, 181, 183, 185, 201, 202, 204, 207, 209, 210, 211, 213, 214, 216, 217, 219, 220, 222, 224, 227, 228, 234, 235, 237, 238, 240, 241, 242, 243, 245, 246, 248, 249, 251, 253, 255, 256, 258, 259, 261, 262, 264, 266, 268, 270, 286, 287, 289, 292, 294, 295, 296, 298, 299, 301, 302, 304, 305, 307, 309, 312, 313, 319, 320, 322, 323, 325, 326, 327, 328, 329, 331, 336, 338, 342, 346, 352, 353, 355, 356, 358, 360, 361, 363, 364, 366, 368, 370, 371, 373, 374, 376, 377, 379, 381, 383, 387, 390, 398, 399, 401, 416, 418, 421, 422, 423, 424, 426, 428, 430, 432, 434, 450, 453, 454, 457, 458, 460, 463, 464, 469, 472, 473, 474, 476, 477, 479, 495, 497, 498, 501, 502, 505, 508, 509, 510, 511, 513, 515, 517, 518, 520, 536, 539, 542, 543, 544, 546, 547, 550, 551, 556, 559, 560, 561, 564, 565, 566, 569, 572, 573, 574, 576, 577, 580, 581, 582, 584, 586, 588, 590, 606, 610, 613, 614, 615, 617, 618, 621, 622, 624, 627, 628, 634, 637, 638, 639, 642, 643, 644, 645, 647, 648, 650, 666, 668, 669, 672, 674, 677, 678, 680, 681, 684, 685, 687, 688, 689, 690, 692, 694, 698, 699, 702, 703, 704, 706, 708, 711, 714, 716, 718, 720, 739, 743, 744, 745, 746, 748, 749, 750, 752, 753, 755, 756, 760, 762, 765, 766, 768, 769, 772, 773, 775, 776, 778, 779, 782, 783, 785, 786, 789, 790, 793, 794, 795, 796, 797, 799, 801, 802, 806, 807, 808, 809, 810, 812, 814, 815, 819, 820, 821, 822, 824, 826, 830, 831, 836, 839, 840, 841, 842, 843, 844, 849, 850, 851, 852, 853, 854, 858, 861, 862, 866, 869, 871, 874, 876, 877, 879, 880, 883, 886, 887, 890, 893, 895, 897, 899, 901, 904, 906, 908, 910, 912, 914, 925, 927, 929, 930, 932, 933, 934, 935, 937, 939, 940, 942, 945, 946, 947, 948, 949, 950, 952, 955, 956, 957, 958, 961, 962, 966, 977, 978, 980, 981, 983, 985, 990, 991, 992, 994, 999, 1001, 1003, 1008, 1013, 1015, 1016, 1018, 1023, 1025, 1026, 1029, 1035, 1038, 1039, 1041, 1044, 1045, 1048, 1051, 1052, 1056, 1059, 1060, 1063, 1066, 1067, 1070, 1073, 1074, 1077, 1080, 1081, 1084, 1087, 1088, 1091, 1094, 1095, 1098, 1103, 1104, 1108, 1110, 1111, 1114, 1116, 1117, 1118, 1119, 1122, 1123, 1124, 1126], "excluded_lines": [], "functions": {"ErrorHandler.__init__": {"executed_lines": [], "summary": {"covered_lines": 0, "num_statements": 2, "percent_covered": 0.0, "percent_covered_display": "0", "missing_lines": 2, "excluded_lines": 0}, "missing_lines": [52, 53], "excluded_lines": []}, "ErrorHandler._setup_file_logger": {"executed_lines": [], "summary": {"covered_lines": 0, "num_statements": 7, "percent_covered": 0.0, "percent_covered_display": "0", "missing_lines": 7, "excluded_lines": 0}, "missing_lines": [57, 58, 61, 62, 65, 67, 70], "excluded_lines": []}, "ErrorHandler.log_message": {"executed_lines": [81, 84, 90, 93, 97, 98], "summary": {"covered_lines": 6, "num_statements": 6, "percent_covered": 100.0, "percent_covered_display": "100", "missing_lines": 0, "excluded_lines": 0}, "missing_lines": [], "excluded_lines": []}, "ErrorHandler.log_info": {"executed_lines": [106], "summary": {"covered_lines": 1, "num_statements": 1, "percent_covered": 100.0, "percent_covered_display": "100", "missing_lines": 0, "excluded_lines": 0}, "missing_lines": [], "excluded_lines": []}, "ErrorHandler.log_warning": {"executed_lines": [], "summary": {"covered_lines": 0, "num_statements": 1, "percent_covered": 0.0, "percent_covered_display": "0", "missing_lines": 1, "excluded_lines": 0}, "missing_lines": [110], "excluded_lines": []}, "ErrorHandler.log_error": {"executed_lines": [114], "summary": {"covered_lines": 1, "num_statements": 1, "percent_covered": 100.0, "percent_covered_display": "100", "missing_lines": 0, "excluded_lines": 0}, "missing_lines": [], "excluded_lines": []}, "ErrorHandler.log_critical": {"executed_lines": [], "summary": {"covered_lines": 0, "num_statements": 1, "percent_covered": 0.0, "percent_covered_display": "0", "missing_lines": 1, "excluded_lines": 0}, "missing_lines": [118], "excluded_lines": []}, "exponential_backoff": {"executed_lines": [], "summary": {"covered_lines": 0, "num_statements": 2, "percent_covered": 0.0, "percent_covered_display": "0", "missing_lines": 2, "excluded_lines": 0}, "missing_lines": [134, 135], "excluded_lines": []}, "RetryHandler.__init__": {"executed_lines": [], "summary": {"covered_lines": 0, "num_statements": 1, "percent_covered": 0.0, "percent_covered_display": "0", "missing_lines": 1, "excluded_lines": 0}, "missing_lines": [147], "excluded_lines": []}, "RetryHandler.retry_command": {"executed_lines": [], "summary": {"covered_lines": 0, "num_statements": 13, "percent_covered": 0.0, "percent_covered_display": "0", "missing_lines": 13, "excluded_lines": 0}, "missing_lines": [163, 164, 167, 168, 170, 172, 173, 174, 175, 177, 179, 181, 183], "excluded_lines": []}, "RetryHandler.call_daemon_with_retry": {"executed_lines": [], "summary": {"covered_lines": 0, "num_statements": 40, "percent_covered": 0.0, "percent_covered_display": "0", "missing_lines": 40, "excluded_lines": 0}, "missing_lines": [201, 202, 204, 207, 209, 210, 211, 213, 214, 216, 217, 219, 220, 222, 224, 227, 228, 234, 235, 237, 238, 240, 241, 242, 243, 245, 246, 248, 249, 251, 253, 255, 256, 258, 259, 261, 262, 264, 266, 268], "excluded_lines": []}, "RetryHandler.call_wallet_with_retry": {"executed_lines": [], "summary": {"covered_lines": 0, "num_statements": 51, "percent_covered": 0.0, "percent_covered_display": "0", "missing_lines": 51, "excluded_lines": 0}, "missing_lines": [286, 287, 289, 292, 294, 295, 296, 298, 299, 301, 302, 304, 305, 307, 309, 312, 313, 319, 320, 322, 323, 325, 326, 327, 328, 329, 331, 336, 338, 342, 346, 352, 353, 355, 356, 358, 360, 361, 363, 364, 366, 368, 370, 371, 373, 374, 376, 377, 379, 381, 383], "excluded_lines": []}, "VerificationHandler.__init__": {"executed_lines": [], "summary": {"covered_lines": 0, "num_statements": 2, "percent_covered": 0.0, "percent_covered_display": "0", "missing_lines": 2, "excluded_lines": 0}, "missing_lines": [398, 399], "excluded_lines": []}, "VerificationHandler.verify_daemon_ready": {"executed_lines": [], "summary": {"covered_lines": 0, "num_statements": 10, "percent_covered": 0.0, "percent_covered_display": "0", "missing_lines": 10, "excluded_lines": 0}, "missing_lines": [416, 418, 421, 422, 423, 424, 426, 428, 430, 432], "excluded_lines": []}, "VerificationHandler.verify_wallet_created": {"executed_lines": [], "summary": {"covered_lines": 0, "num_statements": 14, "percent_covered": 0.0, "percent_covered_display": "0", "missing_lines": 14, "excluded_lines": 0}, "missing_lines": [450, 453, 454, 457, 458, 460, 463, 464, 469, 472, 473, 474, 476, 477], "excluded_lines": []}, "VerificationHandler.verify_wallet_open": {"executed_lines": [], "summary": {"covered_lines": 0, "num_statements": 14, "percent_covered": 0.0, "percent_covered_display": "0", "missing_lines": 14, "excluded_lines": 0}, "missing_lines": [495, 497, 498, 501, 502, 505, 508, 509, 510, 511, 513, 515, 517, 518], "excluded_lines": []}, "VerificationHandler.verify_block_generation": {"executed_lines": [], "summary": {"covered_lines": 0, "num_statements": 28, "percent_covered": 0.0, "percent_covered_display": "0", "missing_lines": 28, "excluded_lines": 0},